Nacionalidad,31/01/08,28/02/08,31/03/08,30/04/08,31/05/08,30/06/08,31/07/08,31/08/08,30/09/08,31/10/08,30/11/08,31/12/08,31/01/09,28/01/09,31/03/09,30/04/09,31/05/09,30/06/09,31/07/09,31/08/09,30/09/09,31/10/09,30/11/09,31/12/09,31/01/10,28/01/10,31/03/10,30/04/10,31/05/10,30/06/10,31/07/10,31/08/10,30/09/10,31/10/10,30/11/10,31/12/10,31/01/11,28/01/11,31/03/11,30/04/11,31/05/11,30/06/11,31/07/11,31/08/11,30/09/11,31/10/11,30/11/11,31/12/11,31/01/12,28/01/12,31/03/12,30/04/12,31/05/12,30/06/12,31/07/12,31/08/12,30/09/12,31/10/12,30/11/12,31/12/12,31/01/13,28/01/13,31/03/13,30/04/13,31/05/13,30/06/13,31/07/13,31/08/13,30/09/13,31/10/13,30/11/13,31/12/13,31/01/14,28/01/14,31/03/14,30/04/14,31/05/14,30/06/14,31/07/14,31/08/14,30/09/14,31/10/14,30/11/14,31/12/14,31/01/15,28/01/15,31/03/15,30/04/15,31/05/15,30/06/15,31/07/15,31/08/15,30/09/15,31/10/15,30/11/15,31/12/15,31/01/16,28/01/16,31/03/16,30/04/16,31/05/16,30/06/16,31/07/16,31/08/16,30/09/16,31/10/16,30/11/16,31/12/16,31/01/17,28/01/17,31/03/17,30/04/17,31/05/17,30/06/17,31/07/17,31/08/17,30/09/17,31/10/17,30/11/17,31/12/17,31/01/18,28/01/18,31/03/18,30/04/18,31/05/18,30/06/18,31/07/18,31/08/18,30/09/18,31/10/18,30/11/18,31/12/18,31/01/19,28/01/19,31/03/19,30/04/19,31/05/19,30/06/19,31/07/19,31/08/19,30/09/19,31/10/19,30/11/19,31/12/19,31/01/20,28/01/20,31/03/20,30/04/20,31/05/20,30/06/20,31/07/20,31/08/20,30/09/20,31/10/20,30/11/20,31/12/20,31/01/21,28/01/21,31/03/21,30/04/21,31/05/21,30/06/21,31/07/21,31/08/21,30/09/21,31/10/21,30/11/21,31/12/21
Estados Unidos,2795,2365,2055,2258,2058,4141,3271,2288,1513,1774,3565,3262,1829,2030,1911,2091,2513,2970,2597,2386,1578,1742,1545,2681,1992,2109,2329,2291,2397,3099,4116,3848,2499,2227,2706,3177,3508,3044,2742,2590,2280,3543,4017,3457,2158,2338,2983,3792,3417,3675,3110,2364,1468,1904,3668,3142,2545,2763,2716,2193,2458,2640,2744,1825,2544,3239,3775,2850,1589,4003,2407,3948,2949,3039,4512,3320,3598,6678,6999,4470,4235,3899,3643,4957,4279,3942,3801,3208,3926,5782,6214,5040,3645,3813,2895,6110,3980,3954,3741,3857,4136,5369,6262,5382,3553,3634,3373,4954,3797,4443,3851,3838,4143,5220,6357,4807,3561,4757,3929,5431,3797,4119,4330,3399,4119,5707,6338,5258,3609,3677,3449,5193,3724,3856,4440,3527,4075,5495,6029,4669,3614,3010,1685,4223,3335,4070,1760,34,21,76,68,157,361,833,569,2334,1335,1014,1118,1188,1795,1957,2550,2500,2101,2346,2264,4050
Argentina,2304,1603,1780,869,2534,1293,3219,2790,2528,2766,1368,2750,2322,1245,1167,2146,1536,985,2266,1942,1602,1951,1646,2546,3867,2013,1441,1456,1345,1251,2692,2118,1676,2089,1805,2562,3037,2220,2068,1550,1209,1713,4152,2159,1849,2329,1887,2324,4103,2461,1886,2091,2287,2104,3411,3396,2750,3008,2463,3179,3410,2123,2208,1588,2181,1976,3799,3745,5020,2974,1983,3658,5542,4325,3615,2764,2903,2851,6403,4866,5374,3954,4312,6448,7848,5013,4396,4067,3799,3856,5947,4398,5045,4576,3296,5004,8391,6033,4260,3919,3425,3155,5063,3860,3975,3668,3046,3763,7071,6066,3619,3780,3395,2815,5226,4398,4679,4013,3499,4590,8536,6350,4183,3206,3734,2830,4343,4008,3134,3285,2766,3533,4396,3935,3127,2571,2806,2688,3738,3260,3253,2234,1996,2849,3893,3631,1491,4,25,10,39,24,146,492,352,1407,1374,937,933,701,707,617,358,471,574,904,1452,1984
Brasil,2996,3041,1499,3215,964,1128,1776,3036,2387,2844,1462,1387,1892,1189,1097,2624,1936,1381,4491,2770,2582,3146,2662,2742,4111,2636,2101,1863,2015,2507,4077,2325,2324,2196,2505,3361,2945,2754,1961,1888,1195,2471,2568,3064,2117,2213,2676,3104,2807,2857,1934,1714,1675,506,2716,2615,2553,2998,2161,2726,2864,2469,1810,1405,2593,2048,4329,3560,6486,5956,1821,4724,4234,5112,5019,3247,3265,3472,5171,6520,4969,4276,3391,5636,5274,6295,3760,3016,2901,3547,4918,5096,3495,3368,1919,2650,2296,3285,2655,2696,2865,2845,4302,3634,2993,3259,2733,3771,3635,4585,3230,3468,3220,2897,5044,3972,3691,3986,2859,4549,4211,4870,3046,2935,3972,3180,4687,3821,3080,2944,3129,4470,4468,4875,3456,3254,3146,3164,5371,4163,3889,3240,3448,4867,5054,5277,2152,2,7,32,55,82,576,814,539,1866,1671,1373,1146,698,1188,918,1048,1302,1285,1316,1215,2195
Chile,1323,1195,1021,1115,754,1076,1043,617,722,817,872,982,1099,1332,1163,943,1099,1302,2206,2091,2284,947,1308,1094,1554,2158,772,982,1218,1021,1623,1232,1184,1583,1290,1543,1955,2076,1912,1454,1297,1666,2475,2053,2346,2449,2192,2578,3288,3274,2306,2117,1957,2733,2473,2647,2156,2282,1966,2207,2966,3199,2200,1833,2191,2566,2537,2885,5562,4792,2356,3993,2987,4095,2775,2255,2319,3143,5240,5577,4098,3032,2677,3923,5011,4584,2441,2168,2429,2156,3452,2659,3003,2713,1803,2220,3060,3102,2114,1959,1866,1834,2788,2432,2339,2554,2064,1921,2430,2832,1774,2709,1775,1833,2932,2303,3671,2488,2074,2231,2578,2132,2071,1677,2511,1883,2163,1969,2216,1983,1808,1860,2036,2211,1640,2018,1985,1680,2293,1991,2191,1436,855,1537,2021,2093,849,4,2,9,11,14,83,211,269,799,675,533,475,128,107,164,302,404,339,571,705,900
España,1050,875,721,727,744,670,821,2262,1853,1980,1375,624,881,1000,969,1953,656,1407,1908,1556,617,1465,1113,1727,1163,1102,1358,344,484,521,672,726,690,579,1003,824,1640,1598,1502,1229,1277,1764,1981,2023,1459,1711,1992,2055,2522,2020,2012,1878,1895,1802,2160,1900,1872,1305,1866,3602,1565,1887,1512,1521,1540,1540,2576,2419,457,1098,1567,871,2106,1502,2102,1491,1502,2074,2734,2520,2825,2135,2856,3118,2642,1966,1801,1643,1673,2779,2948,2850,2435,2229,2145,2409,2508,2103,2135,1797,1856,2888,3313,3099,2452,2522,2769,2579,2562,2251,2212,2162,2085,2639,3563,3514,2715,2598,2849,3037,2742,2336,2251,2011,1871,3272,3638,3664,2600,2737,2934,3207,2612,2544,2431,2163,2179,3369,4040,3964,3127,2599,2087,3418,2869,2625,1076,30,24,55,57,50,279,606,473,1032,604,543,661,481,597,1133,1928,2075,1500,1862,1937,2105
Perú,1141,909,841,806,661,1438,835,717,596,829,1479,788,758,831,1060,1297,1129,742,1425,1439,633,1042,1744,1999,2235,1900,1819,1749,1589,1366,1611,1591,1472,1950,1819,1571,1882,1683,1406,1425,1265,1624,1861,1725,1347,1240,1826,2118,1484,2111,1310,1004,1474,1323,1815,1587,1838,1331,1670,1213,1138,1604,1448,1028,1167,1241,1793,1864,2667,2570,2139,1935,1850,1627,2182,1769,1733,1936,2145,2347,2148,2360,2060,2742,2241,2091,1923,2150,2199,1906,2056,2792,2430,2820,2145,1908,1962,2040,2036,1985,2149,1984,2162,2568,2259,2269,2304,1572,1903,1740,1966,2117,2139,1744,2279,2290,2539,2994,2281,1935,2014,2037,2460,2402,2554,2155,2205,2424,2184,2481,2375,1756,2153,2390,2189,2448,2484,2065,2693,2859,2430,2287,1360,1802,2408,2744,1121,3,8,11,1,2,39,238,209,524,577,413,501,375,444,466,558,828,838,1025,898,777
Colombia,580,524,379,539,481,377,578,387,369,437,431,662,411,504,446,544,713,356,802,828,534,804,1303,681,881,604,580,654,691,816,979,912,613,748,566,579,701,582,685,589,693,732,1385,803,845,974,822,910,1211,770,1054,841,972,1599,1252,1274,1043,1000,1002,1008,954,822,870,510,917,1088,1484,1364,2381,2255,1044,2282,1259,1013,996,1098,961,1705,1518,1294,1433,1274,1299,1712,1720,1313,1184,1419,1165,1239,1200,1321,1285,1474,1066,1268,1742,1530,1687,1493,1371,1349,1638,1795,1614,1606,1552,1341,1819,1547,1475,1640,1561,1386,1368,1529,1453,1583,1658,1679,1788,1555,1751,1665,2033,1605,1634,1564,1601,1761,1590,1658,2153,1803,1660,1791,1693,1611,1688,1589,1818,1397,905,1334,1925,2034,897,,16,10,2,25,25,316,330,588,860,872,619,571,516,691,748,906,807,959,887,798
Alemania,1353,946,1019,595,324,473,544,509,405,427,602,487,1463,1315,1230,560,541,545,776,764,384,716,668,682,482,553,642,470,474,479,708,569,704,693,598,594,675,651,718,791,762,863,1458,861,892,1015,730,789,1242,772,1054,1209,535,510,737,990,741,727,544,888,1167,760,897,821,998,994,1203,1052,1076,1000,884,727,846,925,1012,945,655,664,1492,1371,1040,1012,818,1082,1202,1008,1300,873,960,861,1437,1708,1063,1089,774,1150,1356,848,1228,956,866,841,1371,1369,1049,1138,943,956,1102,885,1133,1128,799,677,1389,1524,1139,1095,889,1049,1084,916,1368,941,802,722,1302,1370,1153,1090,850,995,1082,978,1050,1175,837,824,1440,1302,1245,1102,665,918,967,916,479,2,2,8,10,16,52,107,63,192,175,97,154,137,151,215,409,387,363,356,453,571
Francia,1304,864,1057,468,487,843,1146,784,680,831,898,808,1297,582,587,683,582,444,1081,1014,358,1057,495,910,1046,622,874,1270,802,780,1182,998,954,965,759,739,1060,1014,704,911,810,993,1549,1126,849,932,1021,994,1059,1016,771,793,665,658,1008,613,667,721,584,840,765,734,672,660,799,858,1255,774,363,1009,965,532,769,549,709,944,713,882,1716,1056,1149,1308,1032,1054,890,775,679,908,882,926,1639,1394,1202,1349,621,801,719,682,652,1058,977,721,1729,1182,1112,1164,805,677,850,666,834,1090,990,816,1670,1282,1075,1356,884,689,731,642,719,1373,905,717,1520,1298,920,1324,922,657,684,723,709,1111,957,815,1605,1327,1128,1221,596,582,661,731,296,,4,4,9,18,71,105,67,215,187,90,134,96,125,135,345,252,260,307,342,433
México,560,398,447,273,321,1230,574,369,300,413,1274,727,505,428,369,321,246,330,568,388,1597,810,557,1093,717,249,752,730,668,633,770,703,396,797,644,713,632,545,636,534,630,570,1315,744,765,771,678,805,978,748,769,646,707,782,867,706,681,593,702,847,747,751,681,584,778,770,1218,948,401,469,874,1376,766,548,721,805,613,830,889,862,892,848,818,1082,627,651,976,705,648,769,895,980,964,917,583,946,825,539,696,632,607,652,777,832,834,877,789,809,670,630,715,769,739,626,776,762,1207,1049,799,837,781,518,733,705,701,763,881,884,812,956,970,845,785,704,847,803,746,736,896,869,1182,703,368,781,675,683,365,8,10,3,13,7,33,139,83,272,256,138,219,214,197,226,197,268,309,348,331,375
Japón,413,287,339,181,465,441,535,356,297,329,478,463,270,451,402,282,338,338,817,406,289,228,244,230,239,464,356,205,195,176,179,99,231,164,183,317,391,120,589,215,281,324,717,323,466,405,376,512,795,1126,894,471,368,297,381,447,396,221,338,944,905,1927,1370,558,563,314,725,506,657,226,533,1809,1280,2561,2476,487,373,290,524,978,731,435,545,1681,2274,3185,2182,534,393,447,414,493,665,405,342,1958,1861,3668,2200,478,406,288,353,400,524,410,501,1321,1838,2930,1810,505,393,275,305,460,408,445,395,1173,1434,2823,1801,413,314,272,306,487,348,314,398,1083,1015,2096,1691,636,461,324,435,448,379,331,287,1173,1171,2271,727,1,2,5,2,5,9,22,8,36,42,27,33,37,38,34,52,58,49,55,70,68
Canadá,680,536,516,432,540,548,547,375,319,372,514,440,577,636,645,441,401,411,634,680,302,692,560,429,786,523,714,678,667,571,697,571,582,704,626,607,761,583,811,638,740,723,1404,671,692,765,647,709,776,612,608,531,561,640,587,943,455,658,490,871,818,826,777,625,836,788,1222,1125,932,834,942,727,658,615,845,708,590,682,697,492,605,714,731,834,790,861,794,640,652,638,704,733,627,577,601,673,662,677,721,680,686,497,641,695,512,574,598,600,568,656,783,687,603,437,597,657,558,668,742,583,728,636,714,641,627,586,677,658,534,662,560,611,563,764,634,740,740,538,666,629,535,577,321,562,525,709,316,5,4,2,41,19,44,87,106,131,205,113,127,72,94,143,154,206,271,289,336,265
Venezuela,519,409,369,358,356,242,364,437,202,270,241,639,331,296,179,235,347,261,756,255,281,514,1921,1081,1040,771,831,744,708,648,789,1137,673,754,849,914,1007,834,777,752,516,903,1356,733,722,685,693,738,751,700,592,462,468,418,658,1243,480,377,504,756,680,688,605,630,768,1013,1564,1485,420,305,605,1175,368,348,542,377,477,598,934,461,675,518,716,881,842,373,443,511,508,437,457,626,621,597,466,531,550,372,419,489,444,453,462,513,537,500,573,468,484,375,410,446,485,471,453,463,508,495,615,359,509,394,421,405,1150,450,491,460,465,497,477,396,542,486,419,564,426,511,525,810,551,453,245,331,429,387,223,2,1,1,4,3,22,50,78,535,462,314,255,370,372,299,198,376,544,579,1188,1557
Italia,787,504,656,210,217,352,626,487,277,349,712,520,331,310,294,335,321,417,751,783,725,416,331,431,547,225,410,366,439,377,499,419,537,501,630,620,979,844,861,645,698,894,1119,1105,600,633,889,963,855,943,602,524,578,507,572,797,457,440,463,862,652,609,834,721,583,639,743,1106,232,705,434,552,533,397,474,421,386,440,1075,932,640,575,603,740,597,489,491,470,484,493,873,1124,657,686,445,665,653,431,448,485,543,534,820,1140,603,725,587,607,587,444,502,548,538,505,797,1069,615,697,600,606,650,394,466,552,512,535,831,1280,555,666,625,610,526,374,545,499,559,541,898,1335,698,627,316,565,503,348,174,1,2,2,7,17,30,65,53,120,113,81,97,77,117,121,272,231,250,213,246,281
Ecuador,141,130,100,158,183,152,170,167,184,173,184,243,116,216,207,143,167,172,341,264,355,326,351,389,514,678,327,387,307,257,325,306,302,364,334,717,286,270,294,255,281,257,444,332,436,458,363,394,441,389,576,476,459,558,591,662,522,348,394,346,418,312,297,302,429,492,486,848,577,471,472,921,424,309,562,425,413,545,728,557,525,512,487,599,662,450,411,615,474,467,505,700,565,739,496,498,687,828,880,922,872,838,887,1063,943,1141,974,790,886,829,822,965,887,925,924,914,905,1133,921,880,905,867,871,890,1247,888,1113,1017,904,933,1065,969,1078,1364,1238,1036,1256,877,960,1117,1136,758,492,746,769,862,428,2,4,4,,3,17,50,153,187,209,168,108,105,141,191,199,212,250,291,275,251
Paraguay,665,517,508,334,333,399,808,523,394,444,427,665,483,464,442,456,238,339,1130,837,2073,1590,1388,762,686,337,511,464,407,364,556,499,562,405,778,781,797,672,884,575,497,646,1422,689,536,519,612,665,725,657,629,610,799,779,1555,689,729,313,777,576,505,1029,886,488,498,463,7,854,213,560,950,1443,496,397,551,466,448,339,556,559,756,543,655,929,730,433,469,552,475,557,523,765,690,541,544,509,666,488,545,549,565,607,705,639,570,626,664,417,528,407,527,399,506,421,601,531,507,653,463,544,454,409,401,413,776,406,455,412,446,445,414,340,482,405,362,389,461,495,495,478,464,380,236,423,729,482,141,,5,3,4,2,8,52,74,208,214,253,183,164,175,151,168,143,175,285,214,244
Cuba,372,285,255,223,236,276,504,307,241,255,240,1151,346,422,348,157,826,943,611,583,346,837,841,420,365,526,564,517,419,413,536,949,1436,730,1146,1287,1158,965,560,775,424,1001,841,1366,1662,1580,1411,1469,1558,1402,1491,1207,1058,1209,1225,1323,1274,262,1520,1041,545,680,573,919,551,50,1774,2065,315,393,104,2614,221,375,535,270,348,435,370,512,331,459,419,546,462,401,404,356,257,415,295,417,324,466,363,400,337,406,359,378,467,366,434,337,510,480,390,290,431,259,365,423,339,365,259,325,448,437,367,425,318,389,436,303,434,400,317,413,472,381,378,410,381,425,399,310,409,398,263,425,438,225,169,137,259,265,137,,,,2,,4,7,5,123,60,49,44,46,41,52,49,71,56,40,70,107
China,44,38,30,34,78,82,78,63,35,76,149,75,29,39,61,25,60,64,122,148,138,209,142,219,173,68,158,123,163,143,184,158,141,171,142,154,250,314,165,176,190,266,212,171,134,135,208,231,160,202,136,91,110,119,120,142,241,191,136,196,171,111,218,134,145,228,403,169,98,415,286,680,303,276,503,364,439,352,481,413,626,537,498,749,615,539,741,583,627,742,591,724,699,712,580,1145,828,917,1035,953,948,927,805,1002,902,931,771,791,926,1098,1307,912,1207,1021,971,1023,1069,987,1064,1190,1210,1500,2004,1212,1119,906,942,893,861,714,867,1085,1027,1563,1830,1279,1022,898,896,923,915,840,458,1021,896,645,336,,1,,,5,29,43,53,109,153,97,250,277,246,207,204,236,163,240,191,155
Reino Unido,439,318,387,246,334,305,577,401,318,379,388,319,338,351,374,314,395,418,768,931,401,304,176,189,191,161,128,235,583,210,313,299,269,494,156,128,156,154,190,282,317,374,470,262,217,292,174,608,228,192,221,189,321,373,529,444,371,1340,376,456,171,152,258,217,213,722,646,879,930,735,128,550,395,391,651,493,513,892,1092,549,725,753,512,540,541,477,625,573,576,683,1082,614,621,604,394,565,490,430,596,550,493,513,872,532,554,581,366,459,480,424,577,568,556,512,931,627,556,700,585,575,532,515,661,542,612,574,729,592,574,582,425,423,442,370,548,669,487,525,761,621,652,486,289,391,435,466,250,,2,1,3,2,16,25,32,86,26,11,28,20,27,37,61,54,53,81,86,182
Uruguay,389,323,244,269,343,163,413,249,189,205,156,235,178,176,172,207,68,51,329,314,125,179,935,819,1004,604,681,604,456,381,518,462,408,515,506,519,586,434,508,419,278,516,798,642,418,404,576,1316,396,1749,435,408,537,424,557,355,449,218,414,292,413,582,536,301,384,409,611,429,180,175,291,663,320,194,243,394,237,257,336,392,372,312,356,499,287,247,348,291,253,299,291,511,445,488,281,303,283,248,331,355,349,263,351,494,447,375,344,298,348,323,427,401,334,361,336,418,392,470,317,419,300,277,447,398,715,392,317,293,338,357,305,256,473,309,300,401,348,312,296,296,353,280,100,204,267,269,157,1,,,1,,56,24,27,29,22,33,66,24,73,41,33,35,49,68,134,100
Corea del Sur,59,42,49,32,108,100,156,147,83,77,96,156,110,100,117,83,200,171,126,145,138,152,85,142,221,130,153,128,92,49,70,40,48,128,85,82,190,121,149,95,99,83,154,68,80,99,100,122,155,161,164,85,82,112,151,100,94,130,141,183,173,171,146,77,69,105,209,115,53,316,142,331,419,318,250,244,197,315,373,239,408,374,326,373,704,472,421,315,321,366,355,317,313,339,317,450,881,724,467,316,315,290,334,340,309,365,377,468,1051,844,670,452,465,360,477,527,572,892,588,829,1689,1101,737,532,474,414,528,497,536,431,586,588,1449,1073,828,562,403,441,492,422,387,491,828,1110,1518,1912,418,,,4,3,5,4,19,7,27,39,31,26,18,13,44,27,36,60,60,69,82
Australia,389,309,290,263,369,637,376,293,275,341,637,406,340,328,312,70,339,362,700,318,235,380,318,545,567,290,333,276,242,231,345,276,662,341,289,441,446,420,271,460,420,510,400,383,376,413,350,421,491,352,353,283,212,197,241,289,208,243,195,389,517,583,250,273,232,415,670,254,582,640,428,2534,319,202,298,221,251,359,562,164,281,275,234,348,416,187,247,232,279,227,239,223,232,268,230,412,460,208,200,251,265,246,283,231,287,291,284,295,349,223,271,287,240,264,237,225,303,339,276,274,375,240,230,270,210,220,270,202,304,326,242,288,297,159,206,279,242,197,252,206,310,302,168,327,336,192,165,,,1,,,,1,4,3,8,4,5,2,8,2,7,9,7,10,17,31
Suiza,322,229,262,148,226,193,316,227,183,200,225,296,264,117,277,194,158,174,289,382,190,211,214,181,201,111,115,132,123,207,177,192,167,204,147,196,230,253,77,185,281,224,381,266,269,341,291,297,315,314,228,242,305,283,286,353,250,317,272,323,249,235,261,220,216,418,310,306,246,592,297,480,356,292,274,326,243,169,527,256,213,226,403,432,371,333,271,295,255,270,546,314,338,370,235,380,332,203,268,321,239,241,616,242,267,453,328,357,339,225,281,372,283,219,584,298,332,450,316,355,335,252,257,373,319,219,578,243,329,462,355,362,322,279,272,401,233,249,619,310,360,358,205,359,280,251,95,,3,2,1,2,10,26,24,124,50,28,59,39,45,51,145,96,107,159,157,263
Panamá,20,20,12,27,93,44,104,89,64,71,78,372,301,333,299,76,78,394,518,451,108,246,117,199,158,129,139,120,82,90,583,105,139,146,156,129,180,152,190,116,45,165,279,178,333,310,155,187,279,204,182,146,92,76,176,196,116,84,138,195,318,230,196,158,330,14,645,223,86,216,103,727,105,95,153,102,109,71,107,147,173,127,136,184,248,89,128,110,122,93,109,153,124,167,77,167,261,345,322,360,340,316,358,378,382,412,322,424,383,383,339,291,331,285,334,401,351,369,330,373,345,315,306,304,410,326,376,394,351,400,341,361,361,341,323,313,268,308,308,342,461,272,192,372,379,304,152,,1,,1,,2,87,41,162,209,175,165,128,244,255,287,297,294,281,284,327
Suecia,135,114,121,90,115,128,192,104,109,133,148,269,259,358,254,116,69,215,174,182,213,148,200,241,201,238,206,164,182,205,200,241,185,161,239,276,382,393,299,254,163,394,427,364,157,212,325,424,240,425,217,214,84,152,181,113,108,187,212,398,177,314,306,224,103,289,409,115,269,492,293,761,194,213,246,222,139,278,310,166,187,339,352,408,316,267,222,191,129,297,207,146,138,179,233,427,277,259,153,198,103,244,246,144,132,165,191,394,250,242,216,137,122,290,202,118,165,236,198,358,301,262,230,136,120,285,196,108,195,213,229,377,220,281,171,120,101,274,242,120,137,144,108,329,167,241,73,1,1,4,3,5,4,28,11,47,20,12,20,11,18,44,68,47,65,58,91,175
Bélgica,423,246,360,65,100,81,366,225,193,219,101,282,493,522,489,104,295,157,194,260,77,394,290,384,250,325,279,260,183,206,347,242,350,295,196,192,253,284,181,228,143,226,502,267,227,244,238,259,200,241,190,137,144,191,174,231,201,184,127,229,190,214,156,166,175,204,475,157,87,104,258,64,154,104,161,228,191,218,553,209,285,275,213,266,167,155,153,158,179,173,557,262,270,290,128,170,188,160,159,174,168,147,402,235,248,268,170,149,161,164,158,197,149,186,422,245,276,232,155,146,142,157,181,223,149,190,441,250,289,279,180,145,110,129,134,207,128,188,455,233,235,191,81,146,142,118,68,,,3,,,6,23,2,46,11,10,20,15,9,27,73,48,54,63,68,89
Países Bajos,320,246,235,211,118,87,179,147,135,122,161,169,200,245,240,233,321,312,870,553,75,118,116,96,83,106,67,86,94,103,122,74,65,85,86,97,99,125,84,90,83,108,101,62,69,64,79,61,82,55,65,98,157,130,256,170,183,300,221,233,100,52,74,63,42,210,104,158,62,141,89,116,208,157,229,202,308,235,400,229,398,345,303,337,314,212,193,182,251,222,699,291,295,353,170,276,233,195,179,223,241,214,584,227,253,339,283,258,219,208,232,244,177,160,462,278,288,370,298,270,198,204,249,310,289,211,469,275,356,352,262,258,187,188,211,305,215,227,474,278,280,319,113,191,222,194,89,,,6,4,,9,19,16,34,11,16,23,24,12,26,84,47,48,80,77,124
Israel,266,169,220,77,174,111,161,101,64,118,103,146,101,143,219,132,90,191,294,199,89,74,50,95,94,154,241,206,202,198,209,195,269,236,165,150,295,259,318,315,250,394,515,384,275,298,273,308,336,321,407,319,192,152,142,173,101,34,57,50,327,322,514,518,223,170,521,177,352,373,193,307,159,392,2000,842,372,139,169,63,12,5,6,15,21,12,13,22,37,21,26,9,23,9,11,12,9,6,11,25,7,20,11,18,23,34,10,10,8,8,13,21,25,19,34,18,21,27,13,10,28,29,102,54,25,44,14,21,53,6,19,13,17,25,97,147,31,28,18,39,14,26,6,19,111,247,522,,,,,,1,1,2,3,2,2,2,1,,5,1,8,4,32,31,22
Dinamarca,81,62,75,50,51,37,104,96,86,86,84,111,63,113,95,67,44,76,72,93,61,243,98,114,130,306,192,559,501,417,554,529,283,549,312,257,342,285,141,324,171,344,209,318,113,202,340,418,177,440,114,85,70,88,63,59,37,100,96,123,156,154,107,99,130,119,126,77,53,142,188,130,93,42,146,91,64,54,150,113,96,163,113,101,144,105,134,83,71,81,129,56,77,95,76,119,105,105,83,112,53,69,86,69,68,107,86,64,73,131,115,82,40,56,106,59,86,67,90,91,90,97,81,69,81,58,116,47,47,72,78,75,75,53,105,60,43,29,137,42,54,68,70,82,58,82,60,,,,,,1,4,2,7,9,2,5,1,4,5,24,14,13,26,27,45
Austria,236,142,209,44,39,93,96,74,51,62,171,67,214,225,193,27,102,77,118,142,33,29,,46,85,19,43,47,66,50,89,116,68,80,83,115,109,108,133,133,116,157,202,171,182,170,152,180,297,169,197,173,103,94,86,144,61,85,82,207,253,100,180,173,158,286,349,163,413,403,164,315,109,61,84,88,75,88,162,93,156,98,136,113,119,113,126,89,113,103,242,135,132,173,79,121,95,95,103,131,127,101,206,120,76,114,98,106,118,88,100,125,123,91,173,146,127,157,80,67,116,105,105,149,145,96,181,149,155,108,114,111,117,71,108,100,134,78,187,130,101,106,68,88,83,78,50,,,,2,1,3,7,4,8,12,5,12,10,9,19,24,29,28,29,44,25
Costa Rica,145,110,106,81,58,50,41,47,44,51,55,88,126,99,110,64,58,100,137,122,66,34,87,53,41,276,68,84,81,60,84,68,66,104,116,83,79,111,72,66,46,72,87,91,117,192,76,90,120,88,79,39,57,48,52,47,77,92,117,74,159,81,75,75,131,146,168,59,314,259,90,226,110,86,82,164,99,171,116,81,119,100,95,136,136,86,97,104,104,68,72,126,120,136,100,83,100,79,101,123,76,108,112,112,103,135,125,122,141,88,87,140,129,109,101,98,93,135,150,125,136,91,136,107,77,96,187,90,126,156,114,163,146,129,146,163,109,122,103,153,166,86,51,118,131,138,71,,1,,,,2,9,3,24,25,14,16,17,3,15,19,20,28,47,43,55
Portugal,49,38,35,29,18,23,43,49,153,4,21,34,113,72,66,9,20,12,32,109,61,63,14,59,28,124,49,61,60,50,75,87,63,57,66,57,129,111,93,84,102,144,195,154,80,117,145,176,90,201,52,38,17,35,21,31,63,40,42,109,83,110,102,54,76,382,139,69,22,48,125,190,75,57,88,84,83,54,128,54,116,103,113,154,119,73,83,87,87,65,116,93,92,93,84,121,98,178,104,103,87,78,190,114,133,86,83,108,146,77,103,104,108,101,124,107,130,160,120,111,128,98,131,131,113,84,95,104,99,99,120,100,114,95,95,106,103,94,133,90,127,77,85,119,102,106,48,3,,1,1,2,15,20,15,37,32,12,16,16,21,30,41,35,34,41,39,59
Nueva Zelandia,28,23,27,20,82,179,91,85,69,67,157,67,24,21,33,59,23,99,230,213,70,47,13,65,88,51,72,59,75,38,91,102,115,95,77,86,103,95,135,140,128,159,294,107,205,282,116,123,145,90,130,155,106,40,136,70,110,61,92,147,156,212,651,203,122,169,605,103,162,365,287,340,57,12,74,49,52,73,118,37,106,59,51,104,21,34,52,58,68,53,46,60,64,54,50,108,79,50,73,73,53,53,62,74,78,67,65,69,55,23,63,80,64,100,69,68,86,77,46,77,50,32,50,66,87,54,57,53,74,59,50,59,55,29,45,54,65,61,48,34,67,62,27,45,56,43,19,,,,,,,,1,2,8,,3,,1,,2,1,3,2,2,4
Rusia,55,41,40,29,10,29,38,22,31,33,38,39,46,40,46,14,52,19,74,58,48,82,122,115,147,72,67,65,68,76,135,119,93,104,74,87,75,70,49,49,51,86,69,69,57,114,91,88,67,91,36,26,35,39,49,23,24,78,29,51,63,44,24,20,23,53,71,48,24,95,72,580,119,49,58,64,36,67,61,49,91,95,103,110,162,55,48,69,80,57,61,42,41,70,86,104,117,90,66,100,77,59,75,52,121,97,102,67,107,112,94,163,103,73,81,81,93,104,158,108,102,140,114,133,140,82,81,123,123,112,111,78,109,113,102,137,123,68,117,80,143,143,114,111,152,189,96,,,1,,1,16,17,10,26,42,20,32,55,30,25,50,41,62,79,67,47
Irlanda ,85,61,86,44,77,36,248,137,96,144,56,165,29,34,62,73,71,87,109,71,34,108,88,101,170,209,100,90,62,54,98,107,46,70,73,53,95,51,51,57,56,124,68,143,54,129,149,193,84,196,115,130,47,48,71,38,51,46,55,39,71,122,18,26,72,91,78,8,39,108,41,78,26,16,56,53,56,178,219,52,69,77,54,66,94,43,72,50,91,94,156,63,74,74,45,62,56,49,65,48,52,69,103,78,62,61,46,60,54,29,62,38,58,58,139,84,49,80,59,53,62,57,79,62,74,57,160,75,73,67,46,50,56,45,59,50,65,73,139,74,73,73,34,63,70,39,31,,,,,1,2,7,2,6,5,3,4,5,3,3,1,8,10,4,11,25
Guatemala,54,37,46,22,245,183,215,143,119,140,177,180,49,66,47,121,82,45,297,99,103,92,59,234,227,133,78,95,86,71,66,64,34,77,58,38,43,52,54,36,28,43,30,80,123,144,73,94,59,96,50,34,73,77,51,55,37,39,61,54,124,63,47,19,123,29,43,83,17,62,70,264,72,64,61,49,45,66,47,87,73,46,61,70,74,54,65,49,57,65,48,108,64,68,41,44,61,46,53,41,31,51,38,79,54,77,78,39,54,37,36,61,57,40,47,46,76,69,74,44,51,41,55,37,51,63,66,62,51,107,76,67,51,65,65,47,60,53,45,69,93,43,25,53,43,54,25,,,,,,2,6,3,17,8,6,7,7,17,22,22,13,22,22,30,37
Noruega,105,82,99,55,30,91,117,82,88,104,64,121,162,210,177,90,26,127,49,188,52,56,32,88,76,61,54,57,41,63,94,47,28,54,64,46,67,76,48,66,69,51,61,34,33,53,47,47,86,74,32,52,34,31,45,20,68,127,84,111,84,29,90,68,22,63,70,49,46,40,32,102,135,91,109,185,46,79,103,23,76,97,60,101,99,187,133,75,36,93,93,39,52,115,50,63,95,94,71,66,26,96,118,33,37,63,35,75,63,85,93,67,20,96,106,34,63,63,73,78,75,140,78,35,36,108,107,22,68,87,76,80,83,92,53,75,27,84,104,47,62,63,25,52,36,41,26,,,,,,,5,1,5,1,3,1,,1,10,7,6,7,18,19,31
India,25,15,25,4,18,8,35,19,20,16,4,27,16,24,19,26,11,26,21,36,40,60,32,61,76,77,25,62,76,57,45,28,28,68,31,27,65,53,33,35,23,57,48,49,71,122,63,47,45,53,79,59,72,65,90,68,49,45,50,25,74,78,160,34,10,71,97,57,22,21,36,,47,37,62,52,61,58,101,97,70,48,90,98,59,62,57,61,75,50,78,85,79,74,70,89,42,81,108,68,112,101,99,111,146,147,79,87,71,63,104,96,129,125,96,103,105,98,126,75,84,60,128,150,135,106,93,94,89,69,77,91,74,81,265,101,134,112,64,117,110,101,46,98,54,81,34,,,,,,2,5,4,6,11,10,14,15,4,16,17,17,19,41,62,66
El Salvador,25,30,10,38,19,32,70,40,24,16,38,66,7,10,10,7,25,25,9,138,57,54,16,54,65,55,34,38,30,42,60,53,31,24,30,17,44,39,64,28,55,36,107,71,93,113,78,102,154,115,64,45,54,57,52,52,36,45,65,58,71,66,63,42,77,67,99,49,8,47,86,666,33,23,41,36,41,34,51,43,45,55,60,78,66,44,33,50,44,40,49,68,48,75,42,49,59,45,54,52,36,52,45,77,87,88,64,43,57,37,57,59,55,58,38,47,63,75,59,50,52,36,57,61,56,49,100,73,41,89,60,69,56,58,64,56,51,42,56,83,117,57,34,49,67,48,28,,,1,,,3,7,4,11,27,6,4,15,11,16,17,19,17,24,19,29
Honduras,43,54,15,76,36,28,50,21,28,49,40,53,6,12,14,14,10,16,6,35,105,81,80,392,294,140,203,175,97,86,117,86,94,118,74,79,54,53,50,35,41,49,161,80,37,39,66,68,35,80,28,17,36,28,18,33,31,46,9,35,43,62,50,7,32,38,132,38,161,48,70,540,17,14,41,28,33,28,33,45,69,28,36,31,47,14,23,28,44,30,35,59,34,46,25,39,39,17,29,31,16,29,60,59,36,55,37,57,32,22,23,41,36,40,22,29,32,44,57,28,25,25,32,36,28,64,58,53,23,46,46,54,36,43,48,37,58,39,33,41,43,34,17,28,42,31,14,,,,,,2,2,1,15,7,11,8,6,5,5,9,14,15,19,31,19
Polonia,5,6,4,8,14,5,13,18,9,8,8,5,11,8,9,12,4,13,21,10,165,37,150,62,21,285,37,41,25,25,66,57,18,37,16,23,11,8,10,6,27,14,28,20,22,50,18,16,10,22,14,20,15,33,5,34,36,31,25,25,21,19,39,31,16,14,32,51,21,15,13,289,50,65,32,65,37,68,80,52,138,106,142,138,50,56,56,53,51,68,78,66,84,66,58,72,53,27,35,82,48,70,45,46,70,78,62,41,62,58,39,62,60,52,66,71,98,67,99,51,68,64,60,133,53,61,65,71,82,84,68,58,78,71,84,78,51,75,83,123,149,111,70,69,68,100,38,,,1,,2,1,8,6,20,6,8,12,8,11,18,21,30,50,33,27,26
Nicaragua,24,17,21,15,235,14,157,63,51,53,17,139,46,57,51,55,16,22,14,10,123,121,93,214,96,163,90,63,63,64,78,62,26,63,37,27,37,36,34,29,10,40,35,45,49,78,44,46,67,56,48,31,41,42,13,41,23,22,25,31,53,36,32,6,49,10,34,46,640,45,27,392,31,30,26,21,34,30,13,42,17,35,31,44,52,22,21,27,42,22,38,37,33,61,26,17,34,14,22,23,24,32,23,33,37,49,27,23,41,29,23,27,39,54,24,38,41,35,35,26,42,27,27,25,31,30,32,34,50,77,52,31,45,53,31,23,16,34,33,35,46,29,9,19,46,20,15,,,,,1,1,5,,7,4,3,3,8,5,2,10,8,7,16,8,9
República Dominicana,15,18,6,24,66,64,84,69,61,88,53,97,6,6,15,34,9,20,61,81,13,35,11,36,37,48,26,28,39,27,135,30,22,58,37,23,43,32,37,24,19,25,40,40,40,61,47,64,60,68,52,41,29,36,19,41,64,46,24,90,68,71,126,118,39,25,12,48,105,84,34,323,4,12,,26,,1,29,27,12,10,10,6,608,6,,,,1,1,,,1,43,81,44,54,46,56,37,41,53,68,38,78,56,55,34,41,32,40,35,36,54,37,64,70,54,52,42,28,58,46,32,34,62,53,47,95,65,51,54,51,30,40,47,50,38,63,76,36,19,39,38,48,30,,,1,3,5,1,3,6,16,28,9,16,17,11,12,20,20,23,21,26,36
Resto de Países,218,205,192,182,395,242,461,388,283,170,309,450,78,75,146,113,397,147,193,435,727,520,506,617,763,3592,329,302,190,233,241,317,210,210,209,233,363,328,252,242,183,265,307,381,324,525,383,534,363,557,250,344,1388,3062,262,330,377,588,528,659,380,224,319,199,225,284,690,451,417,504,193,1414,246,299,509,540,469,719,541,494,488,560,567,672,601,388,482,484,440,427,473,520,474,557,451,524,473,437,500,568,440,417,486,620,582,564,535,460,603,453,525,604,501,487,530,582,593,656,849,659,563,616,780,900,867,696,798,961,749,947,593,583,617,574,641,731,685,559,626,717,715,661,529,588,646,628,270,3,4,2,10,16,51,68,53,123,164,123,103,136,169,173,191,188,274,236,240,320
